1350031492593686915.settings,picassoMedia
1350031245273340947.settings,picassoMedia
1350031492593686915.settings,picassoMigratedMedia
1350031245273340947.settings,picassoMigratedMedia
1350031492593686915.settings,picassoMedia
1350031245273340947.settings,picassoMedia
1350031492593686915.settings,picassoMigratedMedia
1350031245273340947.settings,picassoMigratedMedia
1350031492593686915.settings,picassoMedia
1350031245273340947.settings,picassoMedia
1350031492593686915.settings,picassoMigratedMedia
1350031245273340947.settings,picassoMigratedMedia
1350031492593686915.settings,picassoMedia
1350031245273340947.settings,picassoMedia
1350031492593686915.settings,picassoMigratedMedia
1350031245273340947.settings,picassoMigratedMedia
1239890546273935705.settings,picassoMedia
1239890546273935705.settings,picassoMigratedMedia
1239890546273935705.settings,picassoMedia
1239890546273935705.settings,picassoMigratedMedia
1093787813831792498,picassoMedia
1093787813831792498,picassoMigratedMedia
1361642392611509413,picassoMedia
1361642392611509413,picassoMigratedMedia
1361642392611509413,picassoMigratedMedia
1361642392611509413,picassoMigratedMedia
